category,item,PC1,PC2,PC3,PC4,PC5,PC6
Breakfast,Egg McMuffin,1.7671229658419463,-1.2849657067587397,-0.10250480399701119,-0.5333319524625144,-0.5951536292309717,-1.0750944948857188
Breakfast,Egg White Delight,0.3363928460470588,-1.1908151552005424,0.3481770571983473,-0.6236802725163606,1.2868766824309155,-0.044422941801775764
Breakfast,Sausage McMuffin,1.1603099249516395,-1.0121722480616917,-0.024962730292308576,-0.4316476642164396,0.6293030379518195,0.16003084787403604
Breakfast,Sausage McMuffin with Egg,2.89649261080757,-0.9674245791790026,-0.3427209223058191,-0.5268917784372509,-0.9576092726897484,-1.1782064457090144
Breakfast,Sausage McMuffin with Egg Whites,1.4675870180731392,-1.062605928617669,-0.06054481046431976,-0.4350217022006281,0.8928150878658349,0.03400522183368651
Breakfast,Steak & Egg McMuffin,3.2472718210035367,-1.1831517907096645,-0.15201056400446905,-0.5482188116275547,-0.702183061626193,-1.3637020393104295
Breakfast,"Bacon, Egg & Cheese Biscuit (Regular Biscuit)",2.52799031666847,-1.0510506938630284,-1.024945420751694,0.19231613244438012,-1.3524527940905557,-0.7407818412320666
Breakfast,"Bacon, Egg & Cheese Biscuit (Large Biscuit)",3.317615446428328,-1.0608421328227546,-0.6364781575447261,0.07615244959588259,-1.1165718473230812,-0.5761901496690883
Breakfast,"Bacon, Egg & Cheese Biscuit with Egg Whites (Regular Biscuit)",1.2241683234044274,-1.0442108868059963,-0.7346270800713194,0.17217549664689205,0.4416081443903245,0.13030949344186116
Breakfast,"Bacon, Egg & Cheese Biscuit with Egg Whites (Large Biscuit)",1.979678815314334,-1.1474926924605304,-0.38525420544303296,0.16563048718472934,0.5995834086874906,0.5075791602169881
Breakfast,Sausage Biscuit (Regular Biscuit),1.11070561677369,-1.261893137675857,-1.195561775842807,0.21060410141586802,-0.10957921991560828,0.6853055233358768
Breakfast,Sausage Biscuit (Large Biscuit),1.661009167965363,-1.2080803973481267,-0.8425544926869227,0.173765476685202,0.033998019138665694,0.9895179636803572
Breakfast,Sausage Biscuit with Egg (Regular Biscuit),2.782636329218164,-1.2063388429978779,-1.4945277594610769,0.16700595807643837,-1.5259655627276603,-0.47763263976497367
Breakfast,Sausage Biscuit with Egg (Large Biscuit),3.321575081874335,-1.2010560887376527,-1.1564959335791967,0.16095719900750344,-1.4342062437736511,-0.09497677341736861
Breakfast,Sausage Biscuit with Egg Whites (Regular Biscuit),1.436512498541643,-1.2310216722093248,-1.1615698343655063,0.14309655918717723,0.16024251312341803,0.49990980226527465
Breakfast,Sausage Biscuit with Egg Whites (Large Biscuit),1.9937636693564107,-1.2546482623374384,-0.8296148588108415,0.13281216096351045,0.26142817472143454,0.8799370545946997
Breakfast,Southern Style Chicken Biscuit (Regular Biscuit),0.967051066157446,-1.3226719941446792,-0.87035925859404,0.19465570809724014,0.3860467843012752,0.5742767153468543
Breakfast,Southern Style Chicken Biscuit (Large Biscuit),1.509077133875343,-1.3127890332592662,-0.5334780758432963,0.13358610219270448,0.5140830142540426,0.8412577361376228
Breakfast,Steak & Egg Biscuit (Regular Biscuit),3.818064682599837,-1.061461758741734,-1.252303869295845,0.017431571593968354,-1.2397475112884102,-0.9419477199699898
Breakfast,"Bacon, Egg & Cheese McGriddles",2.260146619096311,-0.7274939472631266,-0.5631824784577815,0.2107267438350514,-0.9763480339312404,-0.7953412664522915
Breakfast,"Bacon, Egg & Cheese McGriddles with Egg Whites",0.91784094237367575,-0.7987266732377581,-0.27505458355998574,0.2851500400921475,0.7500548000422494,0.32003793240486156
Breakfast,Sausage McGriddles,0.6125801112930797,-0.8494290593113575,-0.7784186936800803,0.23768421559907732,0.16681859763782014,0.8109413412690891
Breakfast,"Sausage, Egg & Cheese McGriddles",2.921632875570916,-0.55131984563448,-1.0378165745699701,0.062260201049563306,-1.2538267699662766,-0.5971067421110319
Breakfast,"Sausage, Egg & Cheese McGriddles with Egg Whites",1.6178108823068733,-0.544480038577448,-0.7474982338895958,0.0421195652520754,0.5402341685146039,0.273984592562896
Breakfast,"Bacon, Egg & Cheese Bagel",3.7644503366402136,-0.8945039067780394,-0.2782987611337,0.22812220694617424,-0.9270212229785217,-0.7810935917292195
Breakfast,"Bacon, Egg & Cheese Bagel with Egg Whites",2.423688551186655,-0.9102673003488595,0.03435473300539797,0.24635770944685798,0.9260635589959305,0.13451315983479706
Breakfast,"Steak, Egg & Cheese Bagel",4.457753724260934,-0.7742918977390717,-0.5226065378722635,-0.11852904234177795,-0.8534348643947837,-0.89471454639854
Breakfast,Big Breakfast (Regular Biscuit),5.841932665355086,-1.1035979340043667,-1.616905861330719,0.30451199669738005,-3.3234003263125853,-1.5702328444883906
Breakfast,Big Breakfast (Large Biscuit),6.6033060442336335,-1.2332603287590553,-1.3890096296394685,0.38367162502551844,-3.1020615265365614,-1.208293882117883
Breakfast,Big Breakfast with Egg Whites (Regular Biscuit),2.8018745006649195,-1.1054319662369925,-0.8816881408431096,0.3595899981014705,0.6649918876089281,0.9308183700966635
Breakfast,Big Breakfast with Egg Whites (Large Biscuit),3.317582909869518,-1.1613087029160711,-0.5481192630275219,0.3221052145383221,0.7627559648554156,1.2704654086364089
Breakfast,Big Breakfast with Hotcakes (Regular Biscuit),8.64386535863208,-0.1920695596912309,-0.9221209934014171,0.8089174807980403,-2.3627544501153857,-0.6345581155247714
Breakfast,Big Breakfast with Hotcakes (Large Biscuit),9.198578845755616,-0.06269857499720492,-0.671859395431909,0.8147037278026664,-2.1083646438830446,-0.4676205129003634
Breakfast,Big Breakfast with Hotcakes and Egg Whites (Regular Biscuit),5.653089487206553,-0.053071198093984286,-0.14747310091992494,0.7851176317184311,1.764039096770957,1.655408888293888
Breakfast,Big Breakfast with Hotcakes and Egg Whites (Large Biscuit),6.170818807023679,-0.1000781230571747,0.18192560076160963,0.7519055323901906,1.8510197032635065,1.9991083032168457
Breakfast,Hotcakes,-0.1519174806162188,-0.6664364538370056,-0.13436397669438088,0.06485555011088667,0.7322131049556275,0.6285096542259123
Breakfast,Hotcakes and Sausage,1.228855781357131,-0.5680764412489215,-0.5689124848421815,0.24532732212252192,0.4653833056429036,0.6653070124415268
Breakfast,Sausage Burrito,0.5799648634877262,-1.2577248614285994,-0.6805684573691995,-0.27506260057927784,-0.4225758734541606,-0.40618433071831733
Breakfast,Hash Brown,-1.82978064933654,-1.7394374835247517,-0.5502722223833703,-0.11752809027269301,-0.02736176798515383,0.505288027269331
Breakfast,Cinnamon Melts,0.3709285064574723,-0.09021704004012793,-0.28828006909603227,0.43336652501822037,-0.027715766680487086,1.4408618467194692
Breakfast,Fruit & Maple Oatmeal,-0.7184108717103956,-1.1652835575671237,3.2100197739179768,3.748600442938133,0.4800706175068238,-0.2527670189148176
Breakfast,Fruit & Maple Oatmeal without Brown Sugar,-0.6603185704669334,-1.785063278831868,3.298323196687716,3.627477667410418,0.5102701590864577,-0.19971446548471217
Beef & Pork,Big Mac,2.522169548612072,-0.7991201095411579,-0.3107175927091977,-0.0944067939501529,0.6894559826337052,-0.021531292632815363
Beef & Pork,Quarter Pounder with Cheese,2.909667847721785,-0.6388573613859226,-0.39520683332641154,-0.28539668633301846,0.6771394136584594,-0.4505697211605162
Beef & Pork,Quarter Pounder with Bacon & Cheese,3.75276455140971,-0.9473099767175995,-0.2449168996017966,0.291122789262366,0.9306133867727944,-0.3734982711354923
Beef & Pork,Quarter Pounder with Bacon Habanero Ranch,3.739000911023916,-1.0143632394367659,0.010978497114796426,0.349937097859227,0.838343088970423,-0.42708324290179367
Beef & Pork,Quarter Pounder Deluxe,2.975306751621096,-0.9364061905478498,-0.09772541482254174,-0.0521841594088977,0.7589816426584804,-0.19011153931247995
Beef & Pork,Double Quarter Pounder with Cheese,5.228685294977309,-0.6377544542340321,-0.8670172238235405,-0.14301777700339097,0.46687214960791457,-0.787344455392335
Beef & Pork,Hamburger,-0.39239432559774584,-1.2830140290623513,-0.4218400440868409,-0.13494854683366297,0.39959173776950785,0.10755804968143082
Beef & Pork,Cheeseburger,0.29008250174370437,-0.9642963055305936,-0.36298885299281797,-0.2954045042322703,0.4660963749590278,-0.22233830215966682
Beef & Pork,Double Cheeseburger,1.9584731043508028,-0.6761536448114689,-0.48958546210990367,-0.37531601089481603,0.44997507506486645,-0.6527703264120337
Beef & Pork,Bacon Clubhouse Burger,4.2764542358201725,-0.6129016444193466,-0.060775945789543984,0.6034829059122554,0.7885335682630439,-0.46302061565300656
Beef & Pork,McDouble,1.2867559105303668,-1.0283980408171765,-0.54859197017858,-0.24413629851721422,0.40842093804912516,-0.37222580793749793
Beef & Pork,Bacon McDouble,1.9662419785931224,-1.0414883320033133,-0.5353023371930535,0.058603251152941654,0.3995559599219353,-0.46000785377357883
Beef & Pork,Daily Double,1.527589963408663,-1.0191987392526212,-0.4094994558455999,-0.06409194412612147,0.258402287230534,-0.35472835634209765
Beef & Pork,Jalapeño Double,1.6897786844549203,-1.0553146701092742,-0.5569211227374876,0.022628688882513404,0.3359897563930929,-0.319286570119121
Beef & Pork,McRib,1.9007153268257162,-0.9312224521805983,-0.63126317812554,0.12024687080971513,0.43551299155807943,0.2812860263810867
Chicken & Fish,Premium Crispy Chicken Classic Sandwich,1.5949488067310353,-1.1416568220079581,0.026149606868406467,0.10192788976470969,1.0846455214030337,0.4340157512023899
Chicken & Fish,Premium Grilled Chicken Classic Sandwich,1.1207854126359473,-1.447317459128644,0.24362859351151506,-0.12099322878265255,1.1858833952062535,-0.11824491906032608
Chicken & Fish,Premium Crispy Chicken Club Sandwich,3.2750320927523857,-0.6818921038246485,0.18861991617183022,0.3571623501106175,1.2199300239788546,-0.31442110911604415
Chicken & Fish,Premium Grilled Chicken Club Sandwich,2.765450847655195,-0.9438209415909479,0.30004397034465535,0.08628157353634833,1.2786307950989522,-0.8822844159671359
Chicken & Fish,Premium Crispy Chicken Ranch BLT Sandwich,2.5870722565637587,-1.1883748335420743,0.10180431773940453,0.5898905572707533,1.0840199611677908,0.23538144242232506
Chicken & Fish,Premium Grilled Chicken Ranch BLT Sandwich,2.0939024932385166,-1.5356774691129407,0.2701290816966419,0.2830278082468167,1.1845797538377882,-0.3324359744892811
Chicken & Fish,Bacon Clubhouse Crispy Chicken Sandwich,3.624406486990689,-0.4167095819105997,0.22418271105383733,0.6747042191324587,1.135828715369417,-0.08082992800081507
Chicken & Fish,Bacon Clubhouse Grilled Chicken Sandwich,3.1257290646432168,-0.7906314194145538,0.49381022122488816,0.5097871956516945,1.2261369297188218,-0.7071466068518137
Chicken & Fish,Southern Style Crispy Chicken Sandwich,0.7138602366332525,-1.139581688351206,-0.399569019551118,-0.11751773995602259,0.7833495012748377,0.09252493195748118
Chicken & Fish,McChicken,0.22278452635657076,-1.3290003072989154,-0.5304048120896744,0.01869749202599858,0.565609710068577,0.3197377453424971
Chicken & Fish,Bacon Cheddar McChicken,1.5697945617829805,-1.0406025864502808,-0.44660083567127706,0.15377604097720338,0.6447951365248923,-0.10371806058882888
Chicken & Fish,Bacon Buffalo Ranch McChicken,1.126826160009175,-1.2433260378618753,-0.45825822969801994,0.2178892131477988,0.6914647318147868,0.059318340505601336
Chicken & Fish,Buffalo Ranch McChicken,0.4061861835394022,-1.2393665797500775,-0.4786531216526127,-0.07964222374947504,0.681568470736642,0.17598324404170793
Chicken & Fish,Premium McWrap Chicken & Bacon (Crispy Chicken),3.241726861457119,-0.9684013782414626,1.4973332330424505,-0.6157924907427704,0.11584156475131374,0.32516726031074783
Chicken & Fish,Premium McWrap Chicken & Bacon (Grilled Chicken),2.7227161103385233,-1.3222836830729658,1.7772077696747701,-0.780746559303711,0.20750690721064913,-0.30257318090528307
Chicken & Fish,Premium McWrap Chicken & Ranch (Crispy Chicken),2.8384521053317884,-0.9098945776145007,1.5333539379118601,-0.760668013200208,0.11265247416195595,0.5315276453106412
Chicken & Fish,Premium McWrap Chicken & Ranch (Grilled Chicken),2.2777578613736003,-1.3987248943680526,1.6693416240650065,-0.9939074303580042,0.07853249640397675,0.16672695559556372
Chicken & Fish,Premium McWrap Southwest Chicken (Crispy Chicken),3.3379860009659517,-0.7876836713872396,1.8247965676053801,-0.6336670427719403,0.3291719723117772,0.9739257794032942
Chicken & Fish,Premium McWrap Southwest Chicken (Grilled Chicken),2.9444771554884506,-1.1354979849078015,2.3217432543272034,-1.15765268759068,0.29304324674106796,0.49044693452182103
Chicken & Fish,Premium McWrap Chicken Sweet Chili (Crispy Chicken),2.020343481888181,-1.1589351303005548,1.6686456312398967,-0.6306080033667617,9.152397378614507e-4,1.0141014845192782
Chicken & Fish,Premium McWrap Chicken Sweet Chili (Grilled Chicken),1.5483831514019855,-1.4539480866480052,1.8456035193974802,-0.9103074121313929,0.10625374486931832,0.48524051903231946
Chicken & Fish,Chicken McNuggets (4 piece),-1.5227290015964217,-1.695594351577991,-0.8625524152757844,-0.13448089891414194,-0.1584676713625814,0.08439363949284628
Chicken & Fish,Chicken McNuggets (6 piece),-0.754929426750246,-1.643042818628277,-0.8381693739983909,-0.07271967713319161,-0.01045530951405122,0.15227816162011706
Chicken & Fish,Chicken McNuggets (10 piece),0.6246396903162619,-1.5849693917873275,-0.8925845873350504,0.16570632448009848,0.12288013067921075,0.30504928780930207
Chicken & Fish,Chicken McNuggets (20 piece),4.0986039034730375,-1.3838723428864272,-0.9899163340214457,0.7090453289511675,0.5187307287588115,0.6910921823471691
Chicken & Fish,Chicken McNuggets (40 piece),11.285977027299726,-1.1304333232666608,-1.2086239102127332,1.7558791940491356,1.3149968245523749,1.4329441860122616
Chicken & Fish,Filet-O-Fish,0.09347695574411438,-0.9664552870046701,-0.5388110893943167,-0.1308709302148573,0.42985036222828077,0.1095605784544422
Salads,Premium Bacon Ranch Salad (without Chicken),-0.24403880586742166,-1.3626556510271666,5.098722838868036,-3.256757843244284,-2.344053690965205,0.25405250099217735
Salads,Premium Bacon Ranch Salad with Crispy Chicken,1.195826835501195,-1.3305217821782596,2.677260798973984,-1.7027305773652288,-1.0628755847663354,-0.0860797415659375
Salads,Premium Bacon Ranch Salad with Grilled Chicken,0.7524438090961573,-1.6155664793642739,3.2367494068062763,-2.0494357688246176,-1.1319547513543646,-0.6249100808633253
Salads,Premium Southwest Salad (without Chicken),0.06458345053442993,-1.4632919038956194,5.537926856952539,-3.166530005343826,-1.6220973956200382,0.948539825415217
Salads,Premium Southwest Salad with Crispy Chicken,2.5512613556662282,-1.3614365635627323,5.940348238438069,-2.9478803849076365,-1.3308799532984676,1.3036492113958913
Salads,Premium Southwest Salad with Grilled Chicken,2.0580915923409866,-1.7087391991335987,6.108673002395306,-3.254743133931573,-1.23032016062847,0.735831794484285
Snacks & Sides,Chipotle BBQ Snack Wrap (Crispy Chicken),-0.00313106830179756,-1.1205490984846163,-0.5623439969316419,-0.12313199492237405,0.333916798698644,0.29741333498877087
Snacks & Sides,Chipotle BBQ Snack Wrap (Grilled Chicken),-0.24295896084904334,-1.2704360453594903,-0.43562898344185313,-0.20522814673602846,0.3735733175075687,0.008438109811675011
Snacks & Sides,Honey Mustard Snack Wrap (Crispy Chicken),-0.12033670927161427,-1.230435614158928,-0.6916336943400095,-0.13060813655656003,0.3162594281436159,0.16408834936009886
Snacks & Sides,Honey Mustard Snack Wrap (Grilled Chicken),-0.3439433250630788,-1.3884970853968768,-0.5678415989059589,-0.21172245398756323,0.36297785516962683,-0.12087176863034324
Snacks & Sides,Ranch Snack Wrap (Crispy Chicken),0.19337516923785406,-1.2199637384303155,-0.796203480742616,-0.08021279912749225,0.25323539874823797,0.1993370205539065
Snacks & Sides,Ranch Snack Wrap (Grilled Chicken),-0.11465431327658417,-1.4285284510339051,-0.6759524902025935,-0.18507427198680468,0.2667818546735908,-0.11328058477202316
Snacks & Sides,Small French Fries,-1.4800474052621482,-1.683601349463291,0.2876625420016651,0.7975933758458222,0.04770679548257989,0.513342935008026
Snacks & Sides,Medium French Fries,-0.8916506476134638,-1.5420281253901253,0.8074535217029333,1.3430484340543487,0.25241701275714623,0.6607604455017783
Snacks & Sides,Large French Fries,0.25631977338032924,-1.5640895191819053,1.7062506784934375,2.2740208832926068,0.545440421199576,1.0629209231934686
Snacks & Sides,Kids French Fries,-2.192183217268802,-1.7230694697990596,-0.25815224190170333,0.2102068955417411,-0.11665642265966264,0.22045653596423742
Snacks & Sides,Side Salad,-2.2243795728012423,-1.8943407108505872,1.334761704089451,-0.6554844547485243,-0.7383919246173293,0.03172487669193269
Snacks & Sides,Apple Slices,-3.0502214895956854,-2.433588303195143,2.462450879057633,4.185654896298717,-0.5811337592877887,-1.9558573033376634
Snacks & Sides,Fruit 'n Yogurt Parfait,-2.0274240655716547,-0.6875368583783686,-0.11315966040788841,0.2609124880032688,0.0367127467217509,0.0038781961696366107
Desserts,Baked Apple Pie,-0.6943680597486601,-1.2241391269779436,0.42875919305737076,0.7021789817302141,-0.07403791675636523,0.9133748201125677
Desserts,Chocolate Chip Cookie,-1.6319353811806145,-1.121478916804158,-0.6935360632222003,-0.07390086296391608,-0.3107880438828112,0.42627001043057594
Desserts,Oatmeal Raisin Cookie,-1.815065863106468,-1.1916649670463164,-0.6423209731234317,-0.11724042517534396,-0.23836988097964468,0.38699366973471305
Desserts,Kids Ice Cream Cone,-2.6775143001691175,-1.3835502637672146,-0.7475645744734245,-0.36489865588534925,-0.30156337101852404,-0.10986622255945866
Desserts,Hot Fudge Sundae,-0.7524805129803056,0.8941886835196075,-0.33450673208337073,-0.017031430862826054,-0.025320559364995138,0.12331405639543734
Desserts,Hot Caramel Sundae,-1.3874513986907178,1.055580764776111,-0.3873617615741457,-0.051138520943694546,-0.20021191773130412,0.007106095364223172
Desserts,Strawberry Sundae,-1.698703472632729,0.7049417158045755,-0.36140670481190235,0.054099678959974674,-0.25470495415363786,0.010212706088507939
Beverages,Coca-Cola Classic (Small),-2.7081300064651512,-0.2652439675292315,-0.5729032287469961,0.18369799080147942,-0.3218927922068121,0.6971615088125968
Beverages,Coca-Cola Classic (Medium),-2.6355411047149757,0.3279615489920746,-0.4792746914016226,0.4029942686961362,-0.33583018073026016,0.9982433052131751
Beverages,Coca-Cola Classic (Large),-2.530989044300788,1.1294205240865332,-0.3526102442981686,0.7027045947963192,-0.35203231646539723,1.4104566104872174
Beverages,Coca-Cola Classic (Child),-2.76996518239036,-0.7024857047008007,-0.6421289805346349,0.01765242085304365,-0.3149988633565124,0.4682547698608351
Beverages,Diet Coke (Small),-2.9022981186629297,-1.7536677784189403,-0.808137201939125,-0.3729069005274321,-0.29180311155584315,-0.06837748669633878
Beverages,Diet Coke (Medium),-2.886076841907148,-1.7618423027820147,-0.8110601199948629,-0.37192506614478077,-0.28474120333875697,-0.0643623795096849
Beverages,Diet Coke (Large),-2.886076841907148,-1.7618423027820147,-0.8110601199948629,-0.37192506614478077,-0.28474120333875697,-0.0643623795096849
Beverages,Diet Coke (Child),-2.886076841907148,-1.7618423027820147,-0.8110601199948629,-0.37192506614478077,-0.28474120333875697,-0.0643623795096849
Beverages,Dr Pepper (Small),-2.688532320181371,-0.416821975579853,-0.599997918144729,0.13762842515794424,-0.30308995052641285,0.6396603869419215
Beverages,Dr Pepper (Medium),-2.578512708836368,0.2204986958017942,-0.5006591746547476,0.38506987769455775,-0.3051867183713155,0.9837137419538008
Beverages,Dr Pepper (Large),-2.474766521699813,0.9200238272592343,-0.39185863435033297,0.6481637508433205,-0.3143767894969826,1.3476982605801817
Beverages,Dr Pepper (Child),-2.7495616228289474,-0.7521298691144036,-0.6513597631333283,0.0081993081609288,-0.30320808628558316,0.45898243463782107
Beverages,Diet Dr Pepper (Small),-2.7855138728698328,-1.7821349780597606,-0.8062582061979093,-0.3846221539776445,-0.20643009278026533,-0.09041037142987449
Beverages,Diet Dr Pepper (Medium),-2.735232388351176,-1.7922813156986335,-0.8038572492994325,-0.39097069789407635,-0.16727453750101948,-0.10343436738996942
Beverages,Diet Dr Pepper (Large),-2.6687296270767362,-1.810602177700581,-0.8043792104566937,-0.39633740742785695,-0.12105707400468749,-0.11244325616341044
Beverages,Diet Dr Pepper (Child),-2.8357953573884904,-1.7719886404208878,-0.8086591630963862,-0.37827361006121263,-0.2455856480595112,-0.07738637546977978
Beverages,Sprite (Small),-2.7089358797427843,-0.36717781116625,-0.5907671355460354,0.14708153785005912,-0.3148807275973421,0.6489327221649356
Beverages,Sprite (Medium),-2.6010074098005975,0.29087768024066135,-0.4882744597845764,0.3997404639240557,-0.31934192986916626,0.9996297983816487
Beverages,Sprite (Large),-2.478142931227812,1.0634273109467811,-0.36768686300833814,0.6952151508695069,-0.3261177229602956,1.4092144896375107
Beverages,Sprite (Child),-2.751652764231763,-0.7313950490891393,-0.6482058308618506,0.013416781698311883,-0.3055725207125047,0.465626155842655
Beverages,1% Low Fat Milk Jug,-2.046368821375943,-0.4294108411878498,-0.2915300128348118,-0.7057384584392395,0.27027210549679104,-1.067078411584279
Beverages,Fat Free Chocolate Milk Jug,-1.6645310216278004,-0.2796129205530482,-0.08268541086333257,-0.7162001618197699,0.5962783305461344,-0.7633544407506674
Beverages,Minute Maid 100% Apple Juice Box,-2.820567133391802,-1.2472380174828697,1.3893777925416568,2.62367891660997,-0.2960737899002711,-1.2073770035327214
Beverages,Minute Maid Orange Juice (Small),-2.7934216094221185,-1.1950797852319228,2.0367695650165407,3.731824974543914,-0.4714896001522015,-1.0699949512178177
Beverages,Minute Maid Orange Juice (Medium),-2.713004187913758,-0.9035949152018131,2.7236330856382702,4.705262390950712,-0.4620360336637278,-1.2968013790787396
Beverages,Minute Maid Orange Juice (Large),-2.658332181286753,-0.5714846243630839,4.470157482573997,7.258339000367805,-0.6054409066123456,-1.850902810391395
Beverages,Dasani Water Bottle,-2.9022981186629297,-1.7536677784189403,-0.808137201939125,-0.3729069005274321,-0.29180311155584315,-0.06837748669633878
Coffee & Tea,Iced Tea (Small),-2.9022981186629297,-1.7536677784189403,-0.808137201939125,-0.3729069005274321,-0.29180311155584315,-0.06837748669633878
Coffee & Tea,Iced Tea (Medium),-2.9022981186629297,-1.7536677784189403,-0.808137201939125,-0.3729069005274321,-0.29180311155584315,-0.06837748669633878
Coffee & Tea,Iced Tea (Large),-2.886076841907148,-1.7618423027820147,-0.8110601199948629,-0.37192506614478077,-0.28474120333875697,-0.0643623795096849
Coffee & Tea,Iced Tea (Child),-2.9022981186629297,-1.7536677784189403,-0.808137201939125,-0.3729069005274321,-0.29180311155584315,-0.06837748669633878
Coffee & Tea,Sweet Tea (Small),-2.6890058073328738,-0.38170992010423827,-0.5856742748075604,0.13355185163094155,-0.28748455432534714,0.6212347906266993
Coffee & Tea,Sweet Tea (Medium),-2.6441977814410786,-0.0382275022066132,-0.5313895117632229,0.26199913424530574,-0.29442832678326314,0.797897635744146
Coffee & Tea,Sweet Tea (Large),-2.5831684787935023,0.29708039132793745,-0.48002766677462355,0.3914282512423212,-0.29431019102409284,0.9785755880482464
Coffee & Tea,Sweet Tea (Child),-2.7678740409875444,-0.7232205247260649,-0.6452829128061126,0.012434947315660569,-0.31263442892959087,0.4616110486560012
Coffee & Tea,Coffee (Small),-2.9022981186629297,-1.7536677784189403,-0.808137201939125,-0.3729069005274321,-0.29180311155584315,-0.06837748669633878
Coffee & Tea,Coffee (Medium),-2.9022981186629297,-1.7536677784189403,-0.808137201939125,-0.3729069005274321,-0.29180311155584315,-0.06837748669633878
Coffee & Tea,Coffee (Large),-2.9022981186629297,-1.7536677784189403,-0.808137201939125,-0.3729069005274321,-0.29180311155584315,-0.06837748669633878
Coffee & Tea,Latte (Small),-1.4039442904126949,-0.2996989873903131,-0.45708925887820506,-0.6730138296059102,0.11913289740974475,-0.8709595016201233
Coffee & Tea,Latte (Medium),-1.0586844681374783,-0.02465665830694116,-0.3679232257225105,-0.7231773511642724,0.17492738205605846,-0.9733255599322922
Coffee & Tea,Latte (Large),-0.3097985270406348,0.5848874143835308,-0.09994138847398557,-0.9301502181238889,0.4552196297207494,-1.3658314142023098
Coffee & Tea,Caramel Latte (Small),-1.2886385041735402,0.6577237670538822,-0.3060220262170164,-0.32005279555950633,0.09588730200145928,-0.38657113889726435
Coffee & Tea,Caramel Latte (Medium),-0.8943883732008967,1.2347788739843508,-0.16887909455993994,-0.2522039815782705,0.1494668830437001,-0.32556179450165434
Coffee & Tea,Caramel Latte (Large),-0.1156304148428568,2.073311225273239,0.13529258471814332,-0.37354532679497743,0.42512994906978047,-0.6002924186933744
Coffee & Tea,Hazelnut Latte (Small),-1.2886385041735402,0.6577237670538822,-0.3060220262170164,-0.32005279555950633,0.09588730200145928,-0.38657113889726435
Coffee & Tea,Hazelnut Latte (Medium),-0.8922972317980808,1.2140440539590864,-0.1720330268314177,-0.2574214551156536,0.15183131747062162,-0.3322055157064882
Coffee & Tea,Hazelnut Latte (Large),-0.11353927344004089,2.052576405247975,0.13213865244666556,-0.37876280033236054,0.42749438349670205,-0.6069361398982083
Coffee & Tea,French Vanilla Latte (Small),-1.2844562213679083,0.6162541270033538,-0.3123298907599719,-0.3304877426342725,0.10061617085530233,-0.39985858130693214
Coffee & Tea,French Vanilla Latte (Medium),-0.8218873218849903,1.080406835405594,-0.18410566652977806,-0.2935091689130531,0.17395446369869316,-0.38498293881650947
Coffee & Tea,French Vanilla Latte (Large),-0.13056642347345512,1.958817085974031,0.11719766370336418,-0.41636108766643215,0.4274445398890859,-0.6591800337325233
Coffee & Tea,Latte with Sugar Free French Vanilla Syrup (Small),-1.2735418511635102,-0.1757286928831938,-0.37607194655294185,-0.5964282475502688,0.176406380382521,-0.7093476669244593
Coffee & Tea,Latte with Sugar Free French Vanilla Syrup (Medium),-0.85679111153059,0.14145697778472102,-0.27587183229842466,-0.6257769727657575,0.27613513276953977,-0.7857812697720757
Coffee & Tea,Latte with Sugar Free French Vanilla Syrup (Large),-0.14196537819662264,0.7529728637509913,-0.013213870004114534,-0.8254194614262907,0.524333733372071,-1.161248020895345
Coffee & Tea,Nonfat Latte (Small),-1.9906954923222542,-0.48210524904525676,-0.08215591929751806,-0.8648882243674831,0.5754373198776854,-0.918210005863623
Coffee & Tea,Nonfat Latte (Medium),-1.7558483294406153,-0.10952817000917542,0.19476811764437812,-1.081308056838241,0.804518786016746,-1.1996702813337445
Coffee & Tea,Nonfat Latte (Large),-1.2865037893023523,0.28026908852859694,0.40651726088773055,-1.1656495724124054,1.2113136398600344,-1.4500817245707838
Coffee & Tea,Nonfat Caramel Latte (Small),-1.8541802732440535,0.5276071846223541,0.07754443756401655,-0.48476385006177375,0.5569704369308592,-0.394865191716117
Coffee & Tea,Nonfat Caramel Latte (Medium),-1.5894610931012179,1.1291725422568522,0.39065831653547095,-0.6155521607896218,0.7814227214313093,-0.5585502371079409
Coffee & Tea,Nonfat Caramel Latte (Large),-1.0902445357017585,1.7479580793930412,0.6385973018083816,-0.6142621546208773,1.1835883936359872,-0.6911864502666822
Coffee & Tea,Nonfat Hazelnut Latte (Small),-1.8732985646802836,0.4545826853736743,0.06575738109219291,-0.5171446638584623,0.5545561588963214,-0.4404653643455981
Coffee & Tea,Nonfat Hazelnut Latte (Medium),-1.5894610931012179,1.1291725422568522,0.39065831653547095,-0.6155521607896218,0.7814227214313093,-0.5585502371079409
Coffee & Tea,Nonfat Hazelnut Latte (Large),-1.0902445357017585,1.7479580793930412,0.6385973018083816,-0.6142621546208773,1.1835883936359872,-0.6911864502666822
Coffee & Tea,Nonfat French Vanilla Latte (Small),-1.8712074232774676,0.43384786534841013,0.06260344882071515,-0.5223621373958454,0.556920593323243,-0.447109085550432
Coffee & Tea,Nonfat French Vanilla Latte (Medium),-1.5190511831881277,0.9955353237033598,0.3785856768371107,-0.6516398745870214,0.8035458676593807,-0.6113276602179623
Coffee & Tea,Nonfat French Vanilla Latte (Large),-1.0889592675765754,1.6252894157307587,0.6175794627378645,-0.6560960811096808,1.1929648926723786,-0.7460589581191774
Coffee & Tea,Nonfat Latte with Sugar Free French Vanilla Syrup (Small),-1.8602930530730695,-0.3581349545381375,-0.0011386069722548221,-0.7883026423118418,0.6327108028504617,-0.7565981711679591
Coffee & Tea,Nonfat Latte with Sugar Free French Vanilla Syrup (Medium),-1.5880151805966032,0.05855727935828511,0.28149563611424905,-0.9765773001406426,0.8736328896680676,-0.99508688802678
Coffee & Tea,Nonfat Latte with Sugar Free French Vanilla Syrup (Large),-1.081239930863513,0.49246969275639874,0.49895498550220957,-1.0327736410728507,1.2922683641899015,-1.202526772652518
Coffee & Tea,Mocha (Small),-0.50774060560677,0.7815382698586936,-0.15378694508793372,-0.22087370699498277,0.09022109514774666,-0.11290969206718454
Coffee & Tea,Mocha (Medium),0.0114817844268091,1.484786606620132,0.018350128131053786,-0.18350139370971688,0.35141368957383545,-0.21190810662637327
Coffee & Tea,Mocha (Large),0.7248064035547193,2.161056456701071,0.28703079733356796,-0.23643688059766643,0.4947614195988607,-0.29026572482639845
Coffee & Tea,Mocha with Nonfat Milk (Small),-1.05533080618223,0.74782087422948,0.18505181289995157,-0.43327489988311474,0.6707096761358518,-0.3527900218743554
Coffee & Tea,Mocha with Nonfat Milk (Medium),-0.7199412793728803,1.2467077808438598,0.5309643910277876,-0.46503936335193263,0.8342058983565689,-0.2320873065953299
Coffee & Tea,Mocha with Nonfat Milk (Large),-0.19172563096757378,1.8729097265798889,0.9146175968246655,-0.5721741732203167,1.1554919151891518,-0.34610778080428395
Coffee & Tea,Caramel Mocha (Small),-0.8662533274397859,0.8244776940470198,-0.3369240529221599,-0.25103936540796334,-0.04025527285119622,-0.2920460553094393
Coffee & Tea,Caramel Mocha (Medium),-0.4015001115948985,1.4983790713041716,-0.11548781870905118,-0.33172882770003775,0.05516927044399785,-0.4295973136835628
Coffee & Tea,Caramel Mocha (Large),0.27724379906652,2.1894750063747352,-0.03856115292699444,-0.279023928894488,0.2756360396458566,-0.5866644917274697
Coffee & Tea,Nonfat Caramel Mocha (Small),-1.429661548409815,0.7934273990464183,-0.010502264078280376,-0.45085566137945304,0.5044180985378971,-0.5068197983999955
Coffee & Tea,Nonfat Caramel Mocha (Medium),-1.116074915816891,1.3227313236133376,0.2822934492088033,-0.4863863895745513,0.6570917963462665,-0.45022601120171785
Coffee & Tea,Nonfat Caramel Mocha (Large),-0.6522201848210436,1.8929683764724552,0.5965186227688977,-0.617693580602574,0.9471288318761948,-0.6442315795762902
Coffee & Tea,Hot Chocolate (Small),-0.3692340676401511,1.2812438295185362,-0.3261397652452582,-0.26557143974933584,0.1231908432639965,-0.5532109222917654
Coffee & Tea,Hot Chocolate (Medium),0.09073461430421578,1.8469431432108427,-0.12780898480539016,-0.2801303285332686,0.12793427097147836,-0.5174700138737421
Coffee & Tea,Hot Chocolate (Large),0.8543214750344105,2.7413845471935443,0.0856072049641949,-0.36975900141377505,0.293328126353464,-0.8081476318254568
Coffee & Tea,Hot Chocolate with Nonfat Milk (Small),-1.0902195798385983,1.0777671472830888,0.19747534091790248,-0.5525263080680266,0.6216096223616868,-0.5941430630882216
Coffee & Tea,Hot Chocolate with Nonfat Milk (Medium),-0.8022556530861308,1.7118652586458023,0.5084314419858952,-0.6707203611147313,0.8266435020415386,-0.7549606582586227
Coffee & Tea,Hot Chocolate with Nonfat Milk (Large),-0.2369509053338949,2.4263648721445055,0.8411387091833191,-0.7406821093803729,1.1499023522797411,-0.8690648454633925
Coffee & Tea,Regular Iced Coffee (Small),-2.298195354181215,-0.6424986532894481,-0.7297472114542354,-0.09803438616395602,-0.5670812313350513,0.24012162958061453
Coffee & Tea,Regular Iced Coffee (Medium),-2.0591746899612993,-0.32120189700235197,-0.7876238063022245,0.044090933775836186,-0.7248540327896809,0.3762392685065479
Coffee & Tea,Regular Iced Coffee (Large),-1.700129624613046,0.46970033950728357,-0.6992480387866951,0.222938873389181,-0.794539248889653,0.5491773089932944
Coffee & Tea,Caramel Iced Coffee (Small),-2.3010923688616636,-0.7236976769012026,-0.744457185981797,-0.12943336557799323,-0.5624336011525028,0.19853656413778722
Coffee & Tea,Caramel Iced Coffee (Medium),-2.0549924071556678,-0.3626715370528804,-0.79393167084518,0.033655986701070006,-0.7201251639358378,0.36295182609688015
Coffee & Tea,Caramel Iced Coffee (Large),-1.749660775230718,0.24551672320126583,-0.7367813651417707,0.1794769536852438,-0.8380378198781339,0.5257242921494103
Coffee & Tea,Hazelnut Iced Coffee (Small),-2.315222504214629,-0.7362579725633923,-0.7446882001975368,-0.13563267349802766,-0.5671310749426675,0.18787773574629957
Coffee & Tea,Hazelnut Iced Coffee (Medium),-2.0549924071556678,-0.3626715370528804,-0.79393167084518,0.033655986701070006,-0.7201251639358378,0.36295182609688015
Coffee & Tea,Hazelnut Iced Coffee (Large),-1.7341839246798743,0.28218170095939527,-0.7291300162732979,0.14774229872103775,-0.7946389361048856,0.44468952132466444
Coffee & Tea,French Vanilla Iced Coffee (Small),-2.2969100860560316,-0.7651673169517309,-0.7507650505247525,-0.13986831265275942,-0.5577047322986598,0.18524912172811947
Coffee & Tea,French Vanilla Iced Coffee (Medium),-2.072019557189082,-0.4564308563268245,-0.8088726595884814,-0.003942300633001605,-0.720175007543454,0.3107079322625652
Coffee & Tea,French Vanilla Iced Coffee (Large),-1.7300016418742425,0.24071206090886677,-0.7354378808162534,0.13730735164627156,-0.7899100672510424,0.4314020789149967
Coffee & Tea,Iced Coffee with Sugar Free French Vanilla Syrup (Small),-2.3278859954057483,-1.3557273186632242,-0.8449912462684737,-0.3414543629802255,-0.5271978542428233,-0.08614855847082548
Coffee & Tea,Iced Coffee with Sugar Free French Vanilla Syrup (Medium),-2.095436774205168,-1.2318639817763934,-0.9335784912171528,-0.26301469806142036,-0.6731983271704614,-0.035493419403376636
Coffee & Tea,Iced Coffee with Sugar Free French Vanilla Syrup (Large),-1.7736410424150781,-0.9693172869024584,-0.9299671226309112,-0.27010038816339244,-0.7194699684953616,-0.11402189550107336
Coffee & Tea,Iced Mocha (Small),-0.8709532298465509,0.4599701574116789,-0.3353866805732979,-0.23489320505990047,-0.15369618546843528,-0.11864537403375801
Coffee & Tea,Iced Mocha (Medium),-0.49205964842081007,0.9146313257011925,-0.24797234474993735,-0.15711481061125657,-0.04385590453206936,-0.0904652778473154
Coffee & Tea,Iced Mocha (Large),0.43506995877597837,1.8619042696973875,0.10450388193916377,-0.11603483745243194,0.14789638028551072,-0.023369780289478753
Coffee & Tea,Iced Mocha with Nonfat Milk (Small),-1.3130959600711407,0.3361409047791457,-0.11330068315879477,-0.33270388465158846,0.16914970673631932,-0.14175904988912247
Coffee & Tea,Iced Mocha with Nonfat Milk (Medium),-0.9793809020837839,0.7419539484314454,0.1650214335314517,-0.39797378272765455,0.3047909954935145,-0.12491868984077142
Coffee & Tea,Iced Mocha with Nonfat Milk (Large),-0.2857854854134432,1.802199530688005,0.6748435184855003,-0.44782165719083045,0.7632995807124667,-0.20208770019530461
Coffee & Tea,Iced Caramel Mocha (Small),-1.1634987603785658,0.517545908279686,-0.5851284352656545,-0.24425766559090467,-0.31472329460682336,-0.3226064031411522
Coffee & Tea,Iced Caramel Mocha (Medium),-0.8535396157245648,0.9059763580189167,-0.4468356709743004,-0.20918929066598332,-0.1828325475293235,-0.3004906089443512
Coffee & Tea,Iced Caramel Mocha (Large),-0.03827537000132142,1.9362244120891678,-0.21028584287047303,-0.12706052627630063,-0.08778163762814675,-0.26549802449008925
Coffee & Tea,Iced Nonfat Caramel Mocha (Small),-1.6035503492003398,0.3729818356218885,-0.36619637012262907,-0.3472858187199757,0.010487032024852794,-0.3523638002013505
Coffee & Tea,Iced Nonfat Caramel Mocha (Medium),-1.3196514365484926,0.7855886599725853,-0.025208768492565477,-0.4228849225230759,0.17059306495771953,-0.29598756951316
Coffee & Tea,Iced Nonfat Caramel Mocha (Large),-0.76452222663522,1.8215628932277577,0.3638376386195237,-0.49859558319064706,0.5586580599363616,-0.5082789825371771
Coffee & Tea,Frappé Mocha (Small),-0.21161679327130528,1.4644556074884323,-0.4678480966443653,0.21947884948578,-0.9378244130824012,0.5327215160368758
Coffee & Tea,Frappé Mocha (Medium),0.35919402439917025,2.2161151579929994,-0.44531662657415305,0.41488919142631175,-0.9687429730934283,0.660582513663708
Coffee & Tea,Frappé Mocha (Large),0.9850308738496993,3.283246130908788,-0.3213797227588618,0.4969390015180162,-1.0702257756331157,0.6346365532570892
Coffee & Tea,Frappé Caramel (Small),-0.39607771572252226,1.678008803577882,-0.6465877351649311,0.15153515536424506,-1.006051607488408,0.18149626619885245
Coffee & Tea,Frappé Caramel (Medium),0.1664059922495432,2.4699164312389916,-0.5560958028754476,0.2498571148312084,-1.1862601751806217,0.27686290654871737
Coffee & Tea,Frappé Caramel (Large),0.7406905165769007,3.3856215891616657,-0.5982091225047417,0.5052843693776266,-1.3094282716001404,0.41595148672981397
Coffee & Tea,Frappé Chocolate Chip (Small),0.32296798254507886,2.0253609112955577,-0.4175166004018169,0.344809336601491,-0.9213523048419694,0.6629439087557384
Coffee & Tea,Frappé Chocolate Chip (Medium),0.8058764010859016,2.820250918020149,-0.46291992121484005,0.5553868546488165,-1.0380641541436013,0.7648265609785321
Coffee & Tea,Frappé Chocolate Chip (Large),1.5759341882019953,3.791014620773744,-0.3665456165787144,0.7373328217364532,-1.2287282025806567,0.9419007291956911
Smoothies & Shakes,Blueberry Pomegranate Smoothie (Small),-1.771711581561062,-0.1477877126966601,0.24186060893813918,0.22027566874839505,0.3099189443443933,1.0954124087197528
Smoothies & Shakes,Blueberry Pomegranate Smoothie (Medium),-1.510883819002229,0.2393268517838454,0.5387052563738817,0.38637567633603165,0.48204322711520126,1.3250276886294678
Smoothies & Shakes,Blueberry Pomegranate Smoothie (Large),-1.1041724795567056,0.8059015779863286,0.8425887156826818,0.564490208565321,0.6340376960617399,1.700411412198085
Smoothies & Shakes,Strawberry Banana Smoothie (Small),-1.8774237159662268,-0.244268500637665,0.7005703040693869,0.9659333780148015,0.24910861495347697,0.55597519119771
Smoothies & Shakes,Strawberry Banana Smoothie (Medium),-1.5670586308613015,-0.022692833603369798,1.041626542938062,1.2180652356325312,0.39144177875983066,0.785391982863348
Smoothies & Shakes,Strawberry Banana Smoothie (Large),-1.2007060405974588,0.567657386756407,1.4987077610948714,1.7131208323123974,0.4918363661553311,1.042006260742759
Smoothies & Shakes,Mango Pineapple Smoothie (Small),-2.078230325990206,0.10060427178635138,0.9935589023193186,0.11978128586523179,-0.46308963300367023,0.6235509734195377
Smoothies & Shakes,Mango Pineapple Smoothie (Medium),-1.9202319242781114,0.42735891676956106,1.4937391177725432,0.1680061343808294,-0.5764819927476005,0.813932714814875
Smoothies & Shakes,Mango Pineapple Smoothie (Large),-1.613301298438364,1.1096294177317916,2.01150991534503,0.31871956995206296,-0.6993883607461038,1.0894776750876716
Smoothies & Shakes,Vanilla Shake (Small),-0.29509579112565076,2.5808909484394102,-0.1969675461454617,0.004431453631415221,-0.454329594807213,-0.09401482248004156
Smoothies & Shakes,Vanilla Shake (Medium),0.3265868081531288,3.69355207065642,-0.024127763780019143,0.09496230197366036,-0.4635234014954772,-0.09253453772397752
Smoothies & Shakes,Vanilla Shake (Large),1.0500141380950343,4.950223303488568,0.1649741879028151,0.24935639445148494,-0.46126801177319954,-0.023260626660732905
Smoothies & Shakes,Strawberry Shake (Small),-0.20504062484518207,2.9879785595281243,-0.16766237784211135,0.12297306428735945,-0.5130480827551734,0.033009544882971774
Smoothies & Shakes,Strawberry Shake (Medium),0.41864603369892517,4.2067739212632445,0.030765301742905052,0.25338731441562345,-0.5137941836226958,0.0916524128072495
Smoothies & Shakes,Strawberry Shake (Large),1.1686682774096462,5.814620416363952,0.2780315809857109,0.2981782986705659,-0.34555349751170783,-0.17405865746781585
Smoothies & Shakes,Chocolate Shake (Small),0.4261803458703862,2.631255117448053,0.1319743891227747,0.08798471367344231,-0.18655060222687148,0.24598024060974502
Smoothies & Shakes,Chocolate Shake (Medium),1.2061693464958607,3.756539016715233,0.38523442520547985,0.20978762507872048,-0.11982193324338616,0.3421883384752048
Smoothies & Shakes,Chocolate Shake (Large),2.259242906803892,4.918096999461121,0.7041278438192892,0.3728198601831733,0.009585410747056822,0.5155294436204755
Smoothies & Shakes,Shamrock Shake (Medium),0.301493111319338,3.942369910959591,0.01371942347771389,0.1575719844222574,-0.49189661461853545,-0.012809883265971099
Smoothies & Shakes,Shamrock Shake (Large),1.0207381584556117,5.240510783842267,0.20912923970350367,0.32240102397484827,-0.4943700937501009,0.06975147020694135
Smoothies & Shakes,McFlurry with M&M’s Candies (Small),0.9152065291787529,3.302850885944192,-0.06445777508880084,0.34014275770785085,-0.17306560005098018,0.36854584204655394
Smoothies & Shakes,McFlurry with M&M’s Candies (Medium),2.526615341116737,5.720938989007748,0.30350654290779,0.5027245911705067,-0.08899991159783899,0.2793023010109578
Smoothies & Shakes,McFlurry with M&M’s Candies (Snack),-0.3967724550129582,1.616923963935285,-0.3202730045896195,0.09165322370439931,-0.21041023165811118,0.21390905129107893
Smoothies & Shakes,McFlurry with Oreo Cookies (Small),0.21402254872656776,2.152032429629204,-0.05923573190577437,0.03126511734458416,0.09112329553410309,0.07170512507185048
Smoothies & Shakes,McFlurry with Oreo Cookies (Medium),1.13111203493353,3.3169751113538846,0.13786128862844294,0.19025996462016723,0.09362485405636223,0.20158198184616863
Smoothies & Shakes,McFlurry with Oreo Cookies (Snack),-0.8552856642939219,0.8096367065173776,-0.3478508360195978,-0.07831582430467324,-0.0759498866088574,0.06343613896341013
Smoothies & Shakes,McFlurry with Reese's Peanut Butter Cups (Medium),1.9895618450441672,4.255068562129606,0.28319220359150665,0.2962896460569258,0.29805675713423513,0.2694678373553331
Smoothies & Shakes,McFlurry with Reese's Peanut Butter Cups (Snack),-0.41146834640591695,1.2131050916223363,-0.23479534034633423,-0.03993094182985581,0.01375547596653362,0.12383223468680851
